id,produto,quantidade,preço,data
1,headfone,12,35.70,15/09/2024
2,gabinete,2,150.20,07/07/2023
3,cabo de energia,8,15.50,22/07/2024
4,cooler,20,30.00,17/03/2022
5,cabo de rede,100,19.70,09/10/2024
6,mouse,36,45.00,23/06/2023
7,teclado,17,38.99,30/01/2024
8,impressora,4,520.00,14/11/2024
9,monitor,12,305.10,31/12/2023
10,placa wi-fi,10,99.00,10/04/2024
11,pendrive,60,22.50,23/01/2023
12,processador,15,999.99,12/10/2023
13,pasta termica,9,66.00,18/03/2024
14,memoria,30,220.00,14/10/2024
15,placa de vídeo,9,400.50,27/11/2023
16,webcam,10,80.50,16/08/2023
17,cabo iphone,12,15.00,02/05/2024
18,cabo impressora,6,25.00,18/07/2023
19,carregador genérico,13,36,60,19/11/2023
20,cabo android,24,35.00,20/09/2024